filename,class,duration,sample_rate,rms_energy,zero_crossing_rate,spectral_centroid_mean,spectral_centroid_std,spectral_rolloff_mean,spectral_rolloff_std,spectral_bandwidth_mean,spectral_bandwidth_std,mfcc_1_mean,mfcc_1_std,mfcc_2_mean,mfcc_2_std,mfcc_3_mean,mfcc_3_std,mfcc_4_mean,mfcc_4_std,mfcc_5_mean,mfcc_5_std,mfcc_6_mean,mfcc_6_std,mfcc_7_mean,mfcc_7_std,mfcc_8_mean,mfcc_8_std,mfcc_9_mean,mfcc_9_std,mfcc_10_mean,mfcc_10_std,mfcc_11_mean,mfcc_11_std,mfcc_12_mean,mfcc_12_std,mfcc_13_mean,mfcc_13_std,spectral_contrast_1,spectral_contrast_2,spectral_contrast_3,spectral_contrast_4,spectral_contrast_5,spectral_contrast_6,spectral_contrast_7,chroma_1,chroma_2,chroma_3,chroma_4,chroma_5,chroma_6,chroma_7,chroma_8,chroma_9,chroma_10,chroma_11,chroma_12
100032-3-0-0.wav,dog_bark,0.31755102040816324,44100,0.16440621,0.06969437303627535,2501.385833578897,322.21716380929234,3253.0517578125,485.57010082571503,2850.92760268252,626.4504064280917,-275.91843,130.08777,119.49279,14.965516,-98.21178,32.176846,-66.51514,7.7118664,-42.606045,20.805025,0.5050646,9.134558,-28.330935,18.894438,-5.746867,6.147139,9.992787,6.089511,4.7954116,5.5627556,15.461892,8.565538,-0.06988017,6.207258,-2.842673,6.475474,16.091526855752985,8.252966633294117,18.333769377153054,16.36072804087482,18.070850057056607,19.28670578223419,21.68863122108035,0.48217112,0.54613155,0.31897536,0.17478982,0.115597785,0.13184242,0.11757453,0.32687235,0.8315133,0.6896084,0.23783366,0.29649922
100652-3-0-0.wav,dog_bark,4.0,44100,0.08359777,0.07737528344671202,2315.323932175423,509.9716686111742,3774.302394701087,1368.4239723616943,2083.9879175456545,695.1482706970688,-329.8952,75.53132,140.8697,34.906223,-68.729836,32.43833,-31.979599,25.122677,-3.717156,14.408917,7.350813,12.250727,-17.00413,13.941926,-13.103753,9.52308,0.4316185,8.105201,-7.2604733,6.591088,2.597887,9.892485,7.9727836,8.015225,11.888679,9.618695,12.14150668819838,8.495719784006996,14.471333343349396,16.331866938858777,16.736974939125655,22.196265100071944,36.13682647415556,0.41048628,0.3870222,0.3489889,0.39149848,0.5198034,0.57212967,0.53606653,0.416176,0.36617467,0.34870872,0.29708531,0.33603317
100652-3-0-1.wav,dog_bark,4.0,44100,0.08581551,0.07948412698412699,2252.7244046180213,421.1600237670139,3473.6489470108695,1031.532362301199,1938.231203751559,642.3625111054383,-346.85834,72.63469,141.15007,34.644127,-69.27886,31.19345,-42.834965,21.119596,-0.19198705,13.937899,6.8998528,11.615641,-16.633045,13.089297,-16.269127,9.826097,-1.0877411,7.662381,-7.516705,6.3291283,-0.766779,7.808366,8.0412445,7.204034,10.921581,10.36104,9.641820490098153,8.434626365015312,14.881071335642092,16.428389141894183,16.812925239086567,21.916131239428655,34.486253989440826,0.43379772,0.38938594,0.3154355,0.3595723,0.5945797,0.66942954,0.46824217,0.28476432,0.28852043,0.30676427,0.2618334,0.3428239
100652-3-0-2.wav,dog_bark,4.0,44100,0.079264216,0.07979591836734694,2262.0070373680223,445.6238654280233,3553.665081521739,1119.7365544350241,1977.7020342361325,649.1174851908129,-350.52954,72.11017,135.22217,36.05201,-59.582035,31.435099,-45.389935,21.43965,2.9131565,12.203059,6.7446184,11.7060175,-18.041994,13.423927,-16.700367,9.706366,-2.487401,7.16625,-6.778627,7.108425,1.4100736,8.281351,10.154249,8.3737335,8.943757,9.393773,9.149387582558504,8.173204173105225,14.81949754050358,15.562355796476288,16.537174075490444,22.410366486835294,34.33068061864283,0.33188087,0.4130545,0.43351227,0.36475658,0.37535542,0.5297166,0.54777455,0.49085215,0.39596194,0.3750263,0.3694492,0.3019468
100652-3-0-3.wav,dog_bark,4.0,44100,0.09552697,0.07678004535147392,2154.0969976634187,407.16524141622114,3266.4932914402175,929.608744895048,1830.93811742408,632.7427067305854,-346.30383,76.200134,132.96121,37.493206,-58.681816,32.942177,-51.202087,19.279596,5.6977096,10.22147,5.440441,11.7024765,-21.321478,13.689971,-17.526857,8.791496,-4.478969,7.1274977,-6.7448173,6.840846,1.9053494,7.9851713,11.424746,8.5633,12.004544,9.316027,8.967376034633533,8.024176147177785,16.00649328980026,16.356804397998616,16.954864957727114,22.999088374316955,33.641928372667806,0.35944158,0.40771592,0.34768775,0.34954807,0.47209305,0.59194744,0.5681792,0.36416218,0.315434,0.33333528,0.30292055,0.30243075
100795-3-0-0.wav,dog_bark,4.0,44100,0.1118832,0.07610544217687075,2460.667101011625,628.0495918301402,4277.492781929348,1848.9075870955544,2293.1100844988105,884.6281807032299,-365.7009,75.84657,104.84436,41.084896,-46.26368,33.872906,-51.89344,25.80535,-8.671927,17.638197,12.446684,7.497073,6.2788043,9.180183,-0.8799043,12.090758,5.9155226,11.006102,2.4812613,9.137605,-4.90806,7.9149632,-2.4700642,9.383284,1.5236183,8.438177,9.33904357921358,7.753780266807028,11.582710946775254,17.796650449769896,18.263645564533174,18.059304414788954,33.771465596556034,0.3681783,0.5568108,0.49794552,0.40691242,0.33414143,0.22108313,0.3047263,0.41567546,0.26818225,0.24549504,0.26226607,0.27563587
100795-3-1-0.wav,dog_bark,4.0,44100,0.08224194,0.07070861678004535,2389.2121662330464,764.7395262578244,4555.052649456522,2558.6674923006167,2458.7246210061576,1037.4666857550837,-378.5355,78.636536,128.78014,44.272335,-33.28277,31.580502,-53.95497,24.667898,-23.449705,13.532886,5.114252,6.9005775,-0.31485933,9.232963,-9.25801,12.602143,0.0006658139,10.448862,2.63385,10.286953,5.4195037,7.934117,11.823879,7.78673,6.44938,9.257364,8.959123086282665,8.12194738573597,13.505718020791456,16.320886700477043,19.942681690207724,17.827280540677922,33.190655332283804,0.30047962,0.21166275,0.16650462,0.20082888,0.28567767,0.40182084,0.4416375,0.4101502,0.3775874,0.43268853,0.49182138,0.5633998
100795-3-1-1.wav,dog_bark,4.0,44100,0.079806015,0.07223922902494331,2498.8693249436233,733.6825553190392,4823.81199048913,2526.46476947564,2552.8767329374614,1037.3466916602008,-391.70688,78.236534,126.131294,40.54363,-37.688023,35.032234,-50.142178,23.538504,-21.399885,13.063593,7.258891,6.6616507,1.0681672,8.063648,-8.571847,12.948195,2.3686817,9.706971,4.2140265,10.410863,5.870212,8.232604,10.831098,7.6266704,4.324266,9.2563305,8.728917245340222,7.8972650598744005,12.65962211694601,17.34691620322479,19.677892107761505,17.582935448317226,32.9410772830631,0.28217062,0.12592588,0.13029772,0.18667388,0.2511964,0.3712635,0.381003,0.31421217,0.34612587,0.40226254,0.61023164,0.67501825
100795-3-1-2.wav,dog_bark,4.0,44100,0.082873665,0.0719047619047619,2393.930961123822,754.9834738652983,4480.154551630435,2515.991752343771,2396.1838680453307,1062.53052630311,-384.55258,75.85675,133.3026,42.80168,-39.471794,33.425232,-52.961853,26.899796,-23.352745,14.180883,9.299608,6.5151467,2.2968938,7.4935675,-9.872052,14.407691,0.0077170553,11.875315,1.428918,12.116009,3.053572,10.869771,8.675741,8.41833,3.4061263,9.070761,8.645283405046303,8.147773880204545,11.888671366868927,17.123323303007677,20.372278967438056,18.08830057295761,32.96994104475308,0.31263736,0.13906239,0.14527197,0.20031488,0.23410259,0.37334746,0.41175094,0.3456778,0.33936286,0.40863568,0.55363876,0.6023798
101281-3-0-0.wav,dog_bark,4.0,44100,0.04724778,0.14469954648526076,4003.455987498561,773.0416332793573,7657.519106657609,1390.5460564698787,3098.6725934697706,333.8090978689515,-255.10172,85.6824,111.6719,30.567867,-105.674736,23.2337,34.92129,18.192507,-50.005424,15.4232025,25.38724,14.724759,-33.837074,8.309571,5.9837394,6.8851876,-3.0292268,7.9097095,-2.879132,5.67124,7.725083,6.4115415,-12.75503,5.467633,13.9286375,5.8564906,9.643846416240411,8.319455463124404,11.751074620975102,13.312964058848054,14.629560427068828,16.437153100819973,44.622044995427835,0.6595983,0.63624674,0.57438636,0.70166755,0.5433031,0.51457494,0.4801876,0.43156978,0.4813902,0.44087216,0.44771373,0.5263467
101281-3-0-14.wav,dog_bark,4.0,44100,0.1095158,0.12091269841269842,3663.153850502298,671.571929418369,6996.85546875,1287.2187407919598,2980.232670239511,264.6401442606979,-139.30809,24.51911,120.51818,24.054996,-110.38761,13.09504,30.554201,15.121508,-56.230854,14.721319,18.819645,9.886511,-37.172813,7.8691583,1.1344777,8.001055,-7.9104095,8.755173,-6.6414976,9.4428835,5.0072546,6.7235823,-9.7566395,5.697995,17.02378,5.83659,8.687486613670737,8.92236919313291,14.568839672119724,13.780046642848353,14.663724565059024,16.127206278935315,48.806233648842465,0.58336747,0.6272101,0.618714,0.56789225,0.559923,0.51703465,0.5041043,0.45402506,0.47907627,0.4496504,0.42348337,0.48418355
101281-3-0-5.wav,dog_bark,4.0,44100,0.059229966,0.12267573696145125,3497.2590998119676,546.0131446479446,6387.184952445652,1214.7637025028178,2792.6533985196734,278.76361036350727,-213.35358,46.004093,125.56807,18.429317,-108.636375,17.590973,29.957447,13.286905,-41.280693,13.286243,19.576538,11.053086,-32.24701,7.038302,0.9525848,6.7286096,-2.9293149,6.8898277,-4.8834085,6.13336,6.908829,6.9170985,-11.681519,5.7306786,13.788867,5.7390213,8.86737865735819,8.435044465568172,11.812463205433746,13.712120193703502,14.697246154075776,16.977653263398317,44.95979901217343,0.50820655,0.53703374,0.6360307,0.71053535,0.59695274,0.5439523,0.48715907,0.45964742,0.47125685,0.41195688,0.4151502,0.48745587
101415-3-0-2.wav,dog_bark,4.0,48000,0.11329996,0.024890625,2397.173641340015,1295.6019084963075,5320.125498670212,4272.383712439889,4037.3262164388693,1776.3944086622425,-422.9743,94.38827,84.81762,70.32973,28.96419,22.979277,4.2908993,19.269152,-12.734875,32.589573,-0.6304573,12.911577,2.1967714,8.726241,-6.977837,17.008678,-9.476781,19.022623,-5.1173525,13.844949,-6.2132034,14.795811,-5.620963,13.045668,1.9223211,7.011461,16.285921297163007,11.351131893810814,14.698406553747636,15.502063158762038,19.369990726526662,16.7381113558517,20.48425753407925,0.5227424,0.46662086,0.44222698,0.43607575,0.44110003,0.46123496,0.50388694,0.495523,0.522137,0.55897546,0.5696862,0.5911432
101415-3-0-3.wav,dog_bark,4.0,48000,0.10774923,0.02225520833333333,1733.7108206240964,1143.0900992394822,2978.120844414894,3487.404046924911,3136.1108644106785,1444.7813196557504,-398.0555,84.97678,115.29089,61.803654,44.483643,24.823767,7.0501075,18.898655,-22.044054,35.00094,-4.341023,12.155047,1.0226239,8.195353,-13.965656,16.053738,-18.509304,17.66986,-14.003156,13.594232,-14.930973,15.011984,-9.412492,11.667404,2.7800167,9.767297,17.892620603221914,12.865527284105953,14.671049384038525,16.299445993109266,22.842546242097864,19.824192862313886,23.03230461029683,0.40404946,0.4622224,0.49426103,0.4283181,0.4036762,0.4011775,0.46406725,0.42623138,0.41073406,0.42380986,0.41898265,0.38257614
101415-3-0-8.wav,dog_bark,4.0,48000,0.08618591,0.030458333333333334,2898.1041716414857,1051.884734338979,6989.237034574468,3747.7954281644425,4680.784700645715,1557.1327371646114,-434.61487,99.58501,65.10177,65.19506,16.813126,15.576943,5.240358,16.141933,-2.5553312,27.709284,4.792856,10.012568,2.7874372,8.494538,-3.7366936,16.54101,-3.9302385,15.312176,-1.0904161,11.545302,-1.0558091,10.969743,-0.85916156,11.003966,4.27422,5.6379633,15.689219344525132,9.924067784303723,11.77227244167881,13.879270398046641,17.62390703261739,15.543741012774358,18.897851715605313,0.5860106,0.59751,0.6073588,0.62384087,0.62976855,0.6294083,0.61543405,0.52465826,0.5005437,0.53970045,0.6080681,0.6343389
102102-3-0-0.wav,dog_bark,3.0998866213151928,44100,0.015464262,0.07523499506236056,2818.508280124792,618.7394172313974,5368.516791044776,1777.5196853474895,3152.7545619367115,480.82000390896803,-349.15482,30.690859,153.90929,19.370398,-53.5069,11.359727,12.267317,14.138683,-27.222717,15.776531,16.69677,12.15773,-31.953657,6.9203258,20.090393,7.2157946,-14.267657,8.263096,2.8884957,6.1457596,2.4976156,8.213717,3.2810788,6.702113,2.6646466,7.0120945,9.501547307850577,8.327170091739035,13.280258735314833,13.325215415211343,14.89861596428368,23.263011743373212,33.66740691810072,0.45304057,0.41700512,0.43484566,0.5264455,0.56587005,0.5327322,0.5534212,0.45756012,0.36206782,0.3577119,0.35117114,0.37866843
102103-3-0-0.wav,dog_bark,0.53,44100,0.024045765,0.07915115731827323,3225.974891120662,642.6916084185995,6544.221297554348,2058.8510826078495,3451.8842127155735,479.26151510362104,-318.31577,40.578777,137.99922,16.667515,-59.134438,11.949014,13.919232,15.188198,-30.66639,16.465136,22.629416,8.486245,-30.802742,8.549479,21.422335,8.364202,-20.39534,7.4103084,4.5606704,6.0463257,4.1501384,7.3052425,8.031325,7.0858,6.2834544,6.8477316,8.874594162204179,7.113734517074685,16.209929443130026,14.123291323135339,16.49861556105345,20.206929578671026,34.855970491139225,0.40145215,0.39930326,0.3198213,0.30196,0.47125828,0.5584426,0.49422368,0.43589467,0.28406307,0.28145283,0.33544815,0.39992574
102103-3-1-0.wav,dog_bark,0.3885487528344671,44100,0.010931617,0.10008754012255618,3289.2118208488955,451.2811417673917,6405.494600183823,1694.3774221599142,3402.329809675989,446.6678674516081,-346.58185,21.748995,141.28285,14.579159,-63.661427,11.747618,25.722618,10.208387,-20.568419,9.429317,26.35053,7.3540587,-35.760483,8.440281,21.000416,9.515264,-15.0690775,9.059762,2.604822,4.817738,-3.8325298,6.1689153,6.0458694,7.740357,1.5691271,8.187923,9.232387773584824,7.991319319969089,12.742110674408982,12.165332613841151,14.501609732141718,25.689832697655994,32.769448622182544,0.5817396,0.5669623,0.4076928,0.39611566,0.38503313,0.45355484,0.553128,0.49578437,0.6010846,0.3801167,0.32267725,0.33008265
102104-3-0-0.wav,dog_bark,0.81,44100,0.0277013,0.08429215307522187,3028.1136300285943,738.1075667746829,5616.1669921875,2035.2735404279288,3294.2776191285725,478.26972282525367,-312.66177,28.667103,138.7698,20.347467,-51.414146,11.04981,6.029824,13.875437,-18.959227,18.122135,12.028897,11.033663,-22.213139,8.139885,14.146126,6.414267,-17.623463,6.3949475,11.1514845,6.3025002,0.6890819,6.2383666,2.8306978,7.199018,4.8529787,7.8659616,8.798865790085685,7.820372258164316,13.728863947447339,13.920259217828496,14.572288819660443,16.44252838707141,34.22913076549279,0.5531335,0.5981394,0.47337297,0.44937885,0.5334102,0.55160195,0.5456632,0.5441677,0.4157688,0.42671427,0.43990365,0.44309154
102105-3-0-0.wav,dog_bark,4.0,44100,0.028241973,0.0776530612244898,3042.0368528218696,608.6031870573072,5848.730044157609,1805.161533856496,3289.654417605659,425.53968800511484,-299.0302,31.25286,131.81905,15.83911,-50.371338,12.596437,-0.7531533,12.396537,-18.994904,14.960814,9.542161,10.475514,-21.86759,10.97422,11.940933,7.4282017,-14.088826,7.5467105,2.8029785,6.7229433,4.7895117,6.9019923,1.1649572,7.1260037,3.9474602,7.328247,8.85947334183293,7.729263150863662,14.376931873475991,13.914543450418932,15.011362726860328,19.54759602593705,35.53568908321606,0.5304832,0.44279864,0.3709014,0.36521134,0.43311882,0.51465183,0.5136858,0.42464525,0.37564287,0.33612698,0.34556687,0.37187457
100648-1-0-0.wav,car_horn,0.6485260770975056,44100,0.04316223,0.06472027972027972,2617.980433230019,470.5651363325015,6022.760009765625,1413.0870532655563,3222.875473769418,246.54055930545,-255.81581,53.839085,159.60295,12.572654,-33.60496,14.978632,37.659565,9.98857,-47.337612,8.514586,26.385162,13.422682,-37.04109,8.394224,-8.0674715,7.3554554,-22.695477,5.4146347,2.6093102,5.988645,-10.705148,6.24407,-11.321211,9.551994,-7.0653815,5.335935,17.014535378023204,9.656712890000051,12.315460276033248,14.317073516864614,18.829571689872573,17.413048409193696,40.78004298935104,0.23708783,0.22198208,0.43798086,0.43198034,0.70843446,0.72634685,0.34021494,0.27212444,0.27439088,0.2463321,0.21095853,0.37781614
100648-1-1-0.wav,car_horn,1.05,44100,0.032651983,0.07342619587517547,2743.698697017911,390.10180414843836,5668.674879807692,1190.129118502591,3151.704961193545,317.5772021332082,-262.2437,55.118168,155.33072,20.225035,-46.259735,8.448507,35.985474,8.53335,-33.892616,9.005789,15.992165,5.733215,-42.818226,7.296606,4.777212,5.363665,-15.286731,5.3257933,-4.6020155,5.843809,-13.720673,7.9185047,0.46101275,5.712471,-8.768397,5.4687233,17.769942078108777,7.862010357239048,11.181196491594024,14.343099537684116,19.78558793609358,22.67745741938139,39.53478721006245,0.35841706,0.3878311,0.5243283,0.5354931,0.4604286,0.6136081,0.6449092,0.41740015,0.44470775,0.47244868,0.48710343,0.4189478
100648-1-2-0.wav,car_horn,0.40532879818594103,44100,0.043910295,0.10265734265734265,3069.959983479949,472.5874051206597,6002.2265625,1205.533507866736,3116.7916967084075,513.0812857748941,-271.71762,89.532364,139.81186,27.541565,-52.729794,12.698177,47.42888,10.101813,-23.744009,8.749944,12.9513445,7.580614,-34.438538,8.14271,7.5756245,6.461749,-12.1080475,6.3985453,-9.482443,6.482881,-14.293842,5.8628516,1.9775988,7.0535526,-6.822074,4.0449905,18.528571017447362,7.645421289358524,10.94318477297523,14.211905719133126,16.485000389490992,27.28434183511958,39.43893486735571,0.26643863,0.23354092,0.3564724,0.34744498,0.37558696,0.38936868,0.26705477,0.29268852,0.8803449,0.31994665,0.32172534,0.31512785
100648-1-3-0.wav,car_horn,1.62,44100,0.028347695,0.08430615044371659,2705.008711710502,242.88551078281483,5533.57177734375,631.6896849566451,2897.166524857075,160.12291789510567,-270.94284,17.40403,166.02698,9.38052,-64.44068,8.622489,53.389214,5.8319864,-33.931614,6.4368186,27.014502,4.5467095,-39.285183,5.8562784,7.8355145,5.5031857,-11.19796,4.617727,-6.7422614,5.488342,-18.815653,4.774701,1.9976757,4.8680854,-3.759542,4.573802,18.451589011403264,8.102860546401988,10.956197667963947,13.233955914007813,19.577077847565516,20.28681085968885,39.998161964860046,0.39075938,0.3871087,0.3794384,0.49123132,0.8224604,0.45421508,0.5299313,0.6225086,0.40140882,0.51737154,0.49370727,0.48149285
100648-1-4-0.wav,car_horn,1.86,44100,0.31893682,0.1074415429254139,3732.891299875486,756.8909205196647,7659.801715353261,1060.989270675489,3431.13974151922,330.90935746098353,-159.96864,59.662884,99.32998,32.32674,-39.20615,16.877169,32.007065,10.707958,-15.998096,8.815844,20.40086,14.004261,-26.66183,11.1546135,-14.295862,7.3830457,-0.843295,10.654022,-5.6693697,13.901757,-15.993025,7.6784973,-4.4200664,6.2630143,-3.377969,6.955293,17.129884434904,8.990883624174277,11.691299728261612,14.259695386801434,22.35857640420818,20.413921666942333,41.6451959068629,0.23611511,0.32589167,0.5621534,0.48208523,0.4936532,0.23937237,0.48419985,0.30742037,0.27822754,0.29737863,0.25419948,0.23600829
107090-1-0-0.wav,car_horn,0.5989342403628118,44100,0.07463248,0.05069473365388256,1698.4592724467016,144.8484672710393,2685.4388897235576,226.72233555987725,2260.9831500974415,300.4836956378909,-260.7079,19.59198,197.87535,9.458675,-46.11554,13.015026,-3.8077533,6.5552235,9.753302,5.950425,5.246824,5.347889,-15.788753,4.2014027,-5.27904,5.424014,3.5935075,5.1773953,-10.216906,4.2200522,-10.203506,4.3351393,0.22712702,3.9502928,-7.728893,3.9376948,15.341611750267798,9.918628074220656,17.875133315503746,21.915905836849355,22.093002423564265,23.748792496421984,18.505521249325664,0.66178787,0.16634695,0.075688116,0.24188998,0.054559007,0.023894148,0.053434152,0.27930424,0.8045129,0.22240701,0.040040236,0.24145284
107090-1-1-0.wav,car_horn,0.8292743764172336,44100,0.09292557,0.0487818216619726,1618.7312941207365,105.57039225162193,2588.470458984375,112.57478940020869,2074.9682596797697,341.6874961005005,-263.57233,26.795954,206.62067,6.1939173,-50.26851,17.893707,-11.4825535,4.8347454,8.319683,4.1365185,-3.7016535,6.3133163,-18.525402,3.7962666,-7.3493433,4.7859454,6.3751774,4.1219506,-10.663352,4.6906376,-17.103233,5.961617,-2.7685,3.9544141,-5.119111,4.217872,12.272310772794656,9.04999741667256,18.579810902713017,21.30535462877676,22.33477381832269,25.214916728844006,17.988159486903132,0.72489,0.16135263,0.059039872,0.2283531,0.09186096,0.040703237,0.07248252,0.3175761,0.80868644,0.3039599,0.044027023,0.24563687
117536-1-0-0.wav,car_horn,0.5756235827664399,44100,0.030964138,0.05152649202284814,1696.7381872769038,394.787495266059,2890.1865234375,574.0331935298302,2279.3783301897606,400.998750445301,-334.09958,40.011112,185.9784,21.166626,-52.491005,18.839842,26.577524,8.557346,-1.3957584,7.26445,31.449448,9.623009,7.7964616,5.621675,11.951313,4.769753,-4.3908134,6.8566003,5.232813,3.77371,0.41452712,8.230363,6.0339875,3.8968608,4.2592645,5.1555266,10.579792266285613,8.838311980812094,14.56476400801443,19.909050513899977,21.88742218252475,20.17300271680783,27.12463754102555,0.3942103,0.22016996,0.28978267,0.5881653,0.25882345,0.29955444,0.6340242,0.39258263,0.6448219,0.31641704,0.3228209,0.6274668
118070-1-0-0.wav,car_horn,0.2250625,48000,0.11905589,0.06961029343700824,2799.239722547308,791.2609968710918,5585.582386363636,3527.454433033238,3663.7430542359766,1577.5538158476097,-312.0632,94.20206,110.79458,23.945295,-48.74757,49.62859,18.413727,9.571712,-6.935326,15.899194,10.368087,12.678825,-1.808393,5.698455,-12.104263,3.1827974,-12.795002,7.317318,0.2868777,4.80146,-18.975376,10.206501,-26.05722,11.260427,-1.5518181,5.6919727,9.847829768201144,15.039691667210212,24.355273460952727,28.568462530674367,27.165662464177206,22.850885242653035,23.505540496999405,0.08199635,0.043685395,0.16143927,0.61778325,0.14378785,0.10449627,0.20922256,0.44938278,0.9507183,0.2956344,0.067732506,0.05166751
118496-1-0-0.wav,car_horn,0.255,16000,0.13858883,0.2002450980392157,2117.894660108729,344.48612212762004,4344.7265625,743.9169560098525,2011.3008982363888,111.35298882436093,-63.671257,37.444637,71.880875,19.12705,9.96784,6.267682,29.48748,5.361661,9.898993,5.334254,5.027536,4.3733034,-0.31824535,2.1296728,-14.6958885,4.75562,-0.45326877,3.7506306,13.513678,5.6463356,-13.6741495,5.7230597,5.249632,1.7232342,-6.177674,2.1397727,13.692185372628972,15.92548950026243,16.765942592422554,22.76733289939539,23.65787605436406,21.691515810914282,27.663142904673197,0.11275716,0.15687779,0.18426637,0.43213788,0.94127107,0.2561525,0.45315883,0.16768634,0.1984542,0.15324411,0.08944126,0.104130775
118496-1-1-0.wav,car_horn,0.19,16000,0.15332434,0.21644736842105264,2078.9811416237058,260.484277843957,3820.3125,343.5427879251967,1901.4078963387717,37.594294331224205,-58.76269,37.957714,71.510185,16.4772,0.8844107,3.0214303,33.66718,5.0990596,8.598174,4.958713,9.3301935,3.7791128,5.246185,3.6685967,-15.408634,4.7797675,2.8321323,3.5447593,13.936042,3.507206,-10.156191,2.5636644,-1.1007657,1.8185208,-7.61857,3.5476773,15.157716569445776,15.15335067659386,14.279293716746695,20.05605278661633,24.809143199983946,22.165698971939772,27.20299838391612,0.14159198,0.1589698,0.28119537,0.48238704,0.9292581,0.3212975,0.7090793,0.20851885,0.23706621,0.14395256,0.12887019,0.13732442
121299-1-0-0.wav,car_horn,0.63,48000,0.02161572,0.03382936507936508,1757.2143310014392,138.46162155792246,3615.625,403.63944887423975,2368.88171539589,193.77951427490527,-346.94382,8.2394495,207.00668,8.366748,-53.943333,5.26693,48.57053,5.0414596,-14.554328,3.8250697,19.333189,3.1498063,-2.314192,5.129997,15.767743,4.443032,3.332574,3.8826504,1.3356084,3.8283372,9.976453,3.848499,-6.1746755,4.62943,5.283707,3.8885431,17.97226545107996,8.856143063211157,11.959129466392143,14.991554253162997,17.607849551358864,15.072619185587914,52.55698334064398,0.91961235,0.552225,0.45551533,0.52497494,0.5906411,0.5251976,0.49725038,0.58802056,0.52184093,0.5437449,0.5041541,0.6070042
125520-1-0-0.wav,car_horn,0.86,48000,0.049835566,0.05356104651162791,1905.6036391648586,1069.5776257665036,2927.662037037037,2609.2793497804632,2106.4827181767077,1051.7149490683876,-392.8658,60.50676,165.47964,19.299612,-95.59749,34.038586,-2.4205122,7.9719577,-33.325397,11.46437,-36.115795,8.441451,6.1315756,6.769646,-21.53353,8.789032,2.5974164,5.847006,-13.209424,5.903553,-18.773111,7.0275917,-14.268152,4.961632,-14.61688,5.565031,10.350876829529762,21.573885342702628,25.57822832648068,28.651729236961454,32.21470007216099,26.57852458673862,29.895096886149044,0.18677698,0.018717082,0.17980881,0.2213586,0.017877873,0.05597509,0.28427088,0.6836524,0.6830522,0.06570371,0.20762208,0.89266866
125520-1-1-0.wav,car_horn,2.177958333333333,48000,0.062358223,0.04382927435863098,1630.6405841669816,136.19641867914476,2470.6554878048782,184.44362102621506,1851.974705331241,317.0918100317759,-379.7273,30.969122,163.64249,8.528059,-92.44316,16.898266,-4.645797,6.018515,-42.970116,11.5526085,-44.36031,6.420571,4.0506215,5.362326,-20.987356,10.242982,-5.7293577,4.432278,-11.330399,4.9930887,-24.284622,5.2930145,-17.295538,4.733232,-13.791096,3.3566976,8.761713777875146,24.692199017581796,27.60374426844512,30.659403266298224,31.64822465639965,28.007116195865493,30.27913942253619,0.20858352,0.012055583,0.07158424,0.43125895,0.088879645,0.0051547615,0.11777855,0.36482722,0.9373556,0.2542589,0.01541829,0.19590376
125520-1-2-0.wav,car_horn,0.8674791666666667,48000,0.038343765,0.04824803669636639,1894.1290964590316,442.36293920282986,2708.7461890243903,630.1501252777265,2539.895212968268,896.1530924301242,-430.01758,68.51786,162.35701,26.275305,-67.070915,27.166864,-9.141905,12.338779,-25.947712,14.823578,-31.079552,10.012453,10.288282,8.517924,-7.3123074,13.372912,1.9799162,6.047637,-3.7464945,7.567174,-14.610021,8.496767,-10.554391,5.108686,-9.06891,7.767364,11.086496388961455,16.71889747244719,22.765539186289153,28.27045098431578,29.205427378648686,24.38366844846794,26.28191030194424,0.52174604,0.030665616,0.096133515,0.5694288,0.119765945,0.0074941735,0.11084181,0.2875826,0.6338442,0.17961346,0.030715223,0.45804358
125520-1-3-0.wav,car_horn,0.8675,48000,0.056867264,0.049975984630163305,1740.3418573639951,561.4724795311156,2624.142530487805,1927.6922660000916,2104.4051738898743,911.6807794373531,-397.60858,61.514656,162.16127,20.747303,-84.413284,26.233006,-7.5005307,11.117026,-43.373837,11.712865,-39.801598,6.4319634,5.4608464,5.541451,-17.818037,8.765021,-3.0586138,4.343133,-10.980019,6.4299154,-20.774715,6.5897293,-17.78865,5.065708,-12.725991,4.8783193,9.661524712737261,22.19669544307137,25.12111841772157,29.155596227640956,30.45660319245564,25.586827661078694,29.108755173263756,0.3998475,0.023162462,0.092507906,0.5471983,0.11470954,0.010003185,0.1355176,0.35365343,0.8061026,0.22731367,0.02895935,0.37472954
125520-1-4-0.wav,car_horn,0.5675625,48000,0.055737652,0.04793892008956429,1687.7045852330236,307.5239334420082,2468.315972222222,533.2534235676544,2004.2301541087736,560.3392968936257,-388.636,43.20439,169.04347,17.37962,-84.076,20.711147,-7.6017036,10.508146,-37.786,10.761335,-36.65324,7.393249,6.7593527,8.854514,-14.058509,8.510609,-1.1086328,4.0614624,-10.685416,6.971462,-20.922836,5.8335667,-15.45199,3.1131992,-9.916991,3.554022,9.405596019932817,20.727489005676585,25.19870381544625,29.170486205379447,29.989396012639602,25.294424858651805,28.002359543827353,0.35407117,0.018951006,0.113961734,0.5606235,0.09611369,0.0075289398,0.14760686,0.36313,0.77186406,0.18879887,0.028274562,0.38211656
128465-1-0-0.wav,car_horn,4.0,48000,0.07723489,0.083015625,1993.7184633915435,346.6547954888131,3381.4827127659573,385.9496440401632,1923.075668182563,218.29813650394414,-237.30872,27.73815,214.42752,13.50217,-69.69994,11.9013195,23.194323,19.30598,14.958818,6.390451,0.5437781,4.381092,-20.799398,6.877881,10.259955,4.6575317,17.913366,6.310366,-12.618347,4.916918,-15.985365,4.440224,12.421176,5.314532,-5.8278246,5.4078064,19.889376534443624,9.527895420945047,10.795587244744507,13.573826706600352,21.190462339945437,27.139741587203748,36.213150879214304,0.4490784,0.4264469,0.40822744,0.2996909,0.22820558,0.29141575,0.8076499,0.49023467,0.54674256,0.45755702,0.50237936,0.44072306
128465-1-0-1.wav,car_horn,4.0,48000,0.11203654,0.106625,2349.383425401859,236.92374021999595,3630.5061502659573,126.40771971697735,1966.3420332555759,126.21766674745137,-199.1244,24.900013,201.83748,9.061393,-80.61667,9.270262,41.46492,10.540542,13.046943,7.2083397,2.4767792,4.7652416,-30.130394,8.447421,14.4637165,5.722399,22.445671,4.4470334,-14.500277,5.5346346,-14.701157,5.093366,12.603074,4.906072,-1.4650171,4.8180385,19.902375208543756,9.4353833179943,10.668628029586323,13.86881103950457,22.995840374817643,28.39659550930215,39.66264975032329,0.27787384,0.20796679,0.17698574,0.17579745,0.16048741,0.26311758,0.88199145,0.46408707,0.4035164,0.33355093,0.5085988,0.3084246
128465-1-0-2.wav,car_horn,4.0,48000,0.13913609,0.10551041666666666,2374.4118940769476,228.98925698364175,3648.0842752659573,340.43081195774477,1959.9355409828986,236.76534510267064,-164.23602,22.278881,200.48167,11.464071,-82.95457,7.9984937,35.16781,8.621824,8.819648,7.5013466,1.3367304,5.2607517,-29.007671,6.2024975,14.253658,4.961839,23.010862,5.121651,-12.581446,6.9661684,-10.045296,4.5575914,8.447068,4.555251,0.5683699,4.6074467,18.464484835253526,9.036739261669721,10.244299567885028,13.413041085893392,22.210891174058197,26.44470006374918,40.49937138158823,0.2530244,0.18883543,0.15889291,0.17393798,0.18350698,0.3227049,0.9261454,0.4307135,0.31259483,0.28468204,0.4536817,0.27500796
100263-2-0-117.wav,children_playing,4.0,44100,0.0041485643,0.07204648526077098,2232.577799235229,279.239437159342,4081.696671195652,355.40565815103133,2284.0916021073826,280.17323851353245,-500.9084,22.01279,185.10641,11.297285,-86.53282,15.110505,49.85884,7.905811,9.230822,10.492388,22.548956,8.088639,-3.5671747,10.003834,12.220052,8.190908,7.720082,7.4281645,-6.460392,8.623438,16.995657,8.925406,-6.625117,6.44864,1.4697788,8.688373,9.900955451260955,8.370619204324296,12.35066357259537,15.13386007887387,17.16303520953553,22.989626255461843,27.065551087090412,0.48718226,0.4951289,0.5211741,0.5415515,0.5646923,0.55875516,0.50886714,0.4285418,0.47430906,0.525433,0.5107248,0.4649239
100263-2-0-121.wav,children_playing,4.0,44100,0.003071317,0.05279478458049887,1956.5270037870075,207.62743884634526,3768.060886548913,314.1190763795661,2327.2948528906254,195.10013189460457,-531.1953,12.762764,186.93994,8.001002,-70.34916,11.377767,40.429245,8.959305,9.121047,12.224772,18.398588,6.7296853,6.2832823,6.9648147,15.504061,7.970478,9.6135,8.061611,-7.1136103,6.2190795,16.179823,6.0531087,-5.710522,5.6616774,-0.8992514,6.233405,9.635165800501616,8.230097853288672,11.7145804847148,15.619162910133115,16.035485351950275,22.2117839385612,24.61510266846641,0.5955738,0.6465601,0.616297,0.5140858,0.5347353,0.6284708,0.6013812,0.54165137,0.49032137,0.49643943,0.56553704,0.55869263
100263-2-0-126.wav,children_playing,4.0,44100,0.004999306,0.07308390022675737,2652.462734396003,723.2668918622757,4979.787279211957,1635.620026204073,2929.146794221964,524.4239484966106,-476.78442,26.047167,160.33328,17.871094,-62.952843,16.373886,50.75117,9.584444,-0.17432962,13.678769,32.7916,9.252417,-17.4698,9.508886,24.755478,8.359266,-3.8477836,9.373243,-1.761176,9.253936,14.020372,11.195956,-11.238716,9.520113,6.290466,7.847927,10.136784440350622,8.18035838673456,14.758217890795516,15.532058074671168,16.660183796275504,24.068368954277684,29.011577456058625,0.5651647,0.5578825,0.51582825,0.5626832,0.48883614,0.3911296,0.36223567,0.41670877,0.43788975,0.46332374,0.48038808,0.51195747
100263-2-0-137.wav,children_playing,4.0,44100,0.0032660586,0.061116780045351475,2095.3926093128184,182.3754768939882,3966.2911854619565,204.34764413622608,2288.749921568969,158.14537490394093,-521.2447,12.964274,185.39264,7.28182,-81.95048,9.654214,46.47355,7.1504083,11.872088,6.918145,23.491444,8.525443,4.261836,7.432867,13.637699,6.35791,6.093238,6.8206315,-2.8134532,5.5937357,18.07729,6.1169624,-7.2573457,5.8996935,-2.8493738,5.9252386,9.90900436605666,8.256263492178503,11.556560296122791,14.97593163567414,16.158746833386527,22.00749217500487,25.361513904922845,0.7199231,0.6628536,0.5475051,0.5039727,0.5127529,0.50658154,0.50550675,0.5313938,0.46943143,0.46573806,0.5584075,0.67767614
100263-2-0-143.wav,children_playing,4.0,44100,0.0043497677,0.038361678004535146,1903.9764854714726,297.87748217116444,3869.485394021739,447.42504448752055,2440.957381393311,265.8887430909186,-516.3212,13.149121,178.77928,10.667007,-60.33852,10.462251,47.640453,7.9700847,11.501935,7.208816,20.880333,9.001346,8.220909,8.154801,13.267728,8.82492,10.838386,7.5778437,-4.7542415,7.069365,14.395511,5.5532193,-5.775161,5.8034453,3.3911872,5.964594,10.699909598183698,8.750122801706626,11.335964291132987,15.038853536144792,14.831876553549955,19.57522404250155,25.901314753149926,0.695115,0.68693256,0.6592016,0.6691715,0.6833573,0.6608807,0.6333907,0.62939745,0.5352157,0.5440956,0.5947042,0.6914384
100263-2-0-161.wav,children_playing,4.0,44100,0.0028922008,0.038837868480725624,1889.8906993793519,263.1907870038703,3950.5001698369565,530.4286645871567,2512.4684100826157,189.6630943505807,-547.3493,11.526527,182.02466,8.586932,-59.242584,8.064854,53.348557,9.243189,6.8247623,6.89784,23.768806,7.068125,6.937395,7.276513,10.895924,6.455421,7.7600994,5.8139195,-4.0517797,5.5750375,13.999423,4.645063,-4.7169795,5.52326,1.6775333,5.710654,9.968220650362483,8.670482079444009,11.796592678957262,14.153191101337137,15.243181176044853,18.75788595945655,25.16893966284986,0.6966047,0.7106495,0.7096709,0.6521676,0.64143807,0.6420056,0.59966743,0.6066861,0.59655976,0.62530696,0.6518009,0.636038
100263-2-0-3.wav,children_playing,4.0,44100,0.0032276483,0.03821995464852608,1944.9304006834082,202.37498940332026,4078.0141813858695,288.049124306099,2543.7493729657745,176.2463918275006,-534.76227,12.899701,179.51143,6.953809,-60.048912,9.910196,52.112957,7.9555826,-0.11334025,6.0535674,19.544,5.7235074,11.0538,7.2356234,15.343572,6.4979076,13.507726,6.1970844,-3.3896506,5.0502477,15.292861,5.688394,-4.018923,5.175842,2.720641,5.4174314,10.497866999460852,8.172076942096911,11.672339198009908,13.697855078908422,15.30489314338984,18.14424740104821,25.70375575407991,0.71490574,0.6968375,0.7258487,0.7469801,0.7166943,0.7102071,0.67373735,0.6292947,0.6221103,0.6568161,0.6699262,0.6923227
100263-2-0-36.wav,children_playing,4.0,44100,0.003511726,0.03468253968253968,1750.9128366715397,244.12197635710388,3683.9877717391305,413.6613572698109,2323.3885639889454,191.50101582448193,-541.4183,13.987032,186.04233,8.423414,-59.519894,12.541434,44.07609,7.273932,16.005291,7.0147295,13.10625,10.449238,14.272353,7.1728854,12.96127,6.375747,11.345913,6.0163465,-0.34224683,6.3252764,13.776045,6.319156,-4.391973,7.2707605,0.65333277,6.5904903,11.149479044407949,9.46124015036433,12.267389363490656,14.181406147637519,15.333615118462605,20.664702265042614,24.430556485940738,0.7571882,0.7049987,0.69075704,0.7034925,0.6353955,0.5770083,0.548541,0.5790252,0.65705603,0.6995415,0.7717812,0.78487796
101382-2-0-10.wav,children_playing,4.0,48000,0.025922397,0.07828645833333334,3141.572101037449,487.7567657767218,5129.633477393617,1659.0401609585074,3554.9556941294954,767.6159398934467,-389.47473,38.150684,118.53811,12.569673,-80.25956,26.132706,-24.692081,13.617356,-21.721172,9.979896,-14.705426,13.329376,-29.055492,11.997272,-18.943027,9.71612,-23.880003,8.452441,-24.35765,8.306478,-13.423756,7.9608645,-17.466534,8.52162,-8.928554,8.974025,15.291932069098085,11.575303448771024,13.938650600722653,17.182466101251052,21.312422760093757,21.412438838232557,20.050229803945832,0.28258908,0.34457737,0.34706888,0.32888198,0.31482694,0.27208722,0.26619112,0.28531656,0.338258,0.33857998,0.33037823,0.34594458
101382-2-0-12.wav,children_playing,4.0,48000,0.03509136,0.07632291666666667,3022.987995451035,388.5046326917521,4852.372839095745,1025.691956007951,3283.043134587623,610.7322690368969,-368.6451,31.871159,114.84192,9.687874,-86.55155,20.733479,-19.514977,9.96693,-18.478178,9.73907,-24.453161,9.583491,-26.750252,9.972711,-16.113316,10.000273,-22.48847,9.577498,-24.962412,9.236104,-16.66017,11.521071,-22.050043,7.9573097,-11.717001,7.803576,14.702746916005388,11.994373582186016,14.84023176820944,19.26555158729269,21.017287476778375,21.251754403844327,20.725758897932163,0.32176274,0.40475902,0.41624078,0.41634563,0.20591888,0.120374165,0.16127625,0.2717064,0.2840022,0.2547456,0.29970747,0.31575796
101382-2-0-20.wav,children_playing,4.0,48000,0.059312444,0.06665104166666666,2880.123426067814,539.5079215248253,4828.56133643617,1525.6419787269497,3336.1572229274093,818.5530271989654,-346.6626,52.977978,124.004974,15.088244,-70.0087,35.315506,-30.779339,15.368047,-24.265158,15.174554,-16.640144,10.609331,-25.553026,11.024287,-14.227524,16.338577,-14.816683,9.08976,-19.699835,9.7836685,-7.862158,9.042706,-22.075583,12.071565,-14.353459,8.027632,13.547305720356649,10.283333342036597,13.272909081036111,16.951538375879945,19.74400026807419,19.922801547511252,21.3349969653396,0.38549277,0.44840625,0.44309932,0.41207272,0.32396543,0.26130876,0.23200043,0.25219965,0.31362996,0.31257623,0.32570952,0.34065905
101382-2-0-21.wav,children_playing,4.0,48000,0.08659492,0.072578125,2947.2850256620686,572.762807135169,4974.422373670212,1660.074934676201,3110.6447832955264,854.8116986351102,-309.86963,60.996975,106.47591,15.247378,-71.69534,44.105015,-32.03994,15.583174,-17.788704,13.532519,-18.67671,12.079025,-23.731293,11.935165,-11.42679,14.722638,-13.882122,10.008464,-19.52761,11.449808,-7.4892683,10.76802,-19.658718,10.739071,-7.971296,13.268504,13.76431953147354,10.276358920322144,14.770525097360325,19.258932862666164,21.11155562197654,20.40872458481501,22.82209217242399,0.25239676,0.34874183,0.4180594,0.40418673,0.2956793,0.31682616,0.26284993,0.25769493,0.2040133,0.20798472,0.24135701,0.24934971
101382-2-0-29.wav,children_playing,4.0,48000,0.061455455,0.078296875,3203.977407748173,608.8427523942516,5410.073138297872,1660.814948595693,3452.4945532601673,862.4672451844946,-340.98248,49.917053,110.22657,14.882189,-70.93419,32.473778,-25.88409,13.65946,-20.17984,15.984289,-17.385094,8.488347,-18.885572,10.922254,-5.2292676,13.290255,-20.562714,8.233367,-18.875214,8.044039,-1.4917222,11.802464,-19.830885,11.343886,-11.934716,7.2655983,12.67401934739963,9.368464362327952,12.3422493499157,18.755603150911472,21.217084263757542,21.476560982178075,21.323250837123815,0.30072242,0.4374004,0.47815096,0.34310356,0.29848522,0.25153926,0.24344395,0.28718603,0.33619598,0.41681215,0.35359648,0.29637358
101382-2-0-33.wav,children_playing,4.0,48000,0.02642411,0.07914583333333333,3168.8171779919326,388.6905965978615,5265.52111037234,1298.7547242641513,3575.413792909994,736.3540401546823,-382.78525,35.881626,124.93282,9.094862,-74.45273,22.497955,-16.973768,8.973075,-17.737333,9.253833,-12.973147,9.024189,-24.528938,12.055562,-7.6438737,10.338493,-18.83352,9.136941,-25.336905,8.366504,-5.464571,9.32301,-14.817123,8.71224,-14.031544,8.153899,11.980210374337561,8.869833214336152,13.066827982427736,16.75643429522518,20.670908788638044,21.466601046549307,19.805183926714086,0.41028854,0.36425588,0.41978657,0.36292267,0.22985442,0.25491366,0.36310148,0.40083265,0.3094633,0.3146992,0.38561055,0.43198764
101382-2-0-42.wav,children_playing,4.0,48000,0.020861097,0.07121875,3330.580161082098,690.9534229202657,6003.553025265957,1960.0516814675686,3920.892037070802,711.0132084546977,-392.95596,31.713865,117.63896,15.655836,-64.63606,21.721407,-18.391996,11.212809,-30.537718,11.033188,-12.030572,9.083723,-21.502672,7.4512243,-16.897675,8.542462,-16.42779,7.675556,-16.94861,7.594349,-15.279705,7.2616286,-14.555256,7.5296383,-9.655832,7.449308,10.977506540675474,10.811451545801422,13.403534251308637,17.86916609439438,18.917556471230657,18.157578666263834,20.281222607814254,0.37044388,0.38184804,0.35988468,0.3294907,0.2855183,0.32097325,0.34545508,0.39960757,0.31438318,0.2824449,0.35055292,0.33853713
101382-2-0-45.wav,children_playing,4.0,48000,0.0065944158,0.07053645833333333,3496.355955473868,606.0001594902848,6314.660904255319,1794.7864735162514,4391.6685974181155,545.6558222446765,-429.49152,24.18431,120.49991,14.126455,-53.83885,13.907206,-21.08407,11.836696,-20.68502,11.250806,-13.729456,7.8580947,-22.312042,8.027719,-20.390924,6.700245,-15.953187,5.8604803,-16.542263,6.4610596,-16.080317,6.2537274,-14.356043,6.3295274,-10.898973,4.872084,12.373296213758705,10.175413236747008,12.848098918984512,14.523676254453763,16.876036754718964,16.92638538946015,18.292295435606643,0.48037088,0.49303377,0.39309144,0.31105515,0.30645326,0.31561473,0.3144816,0.36518884,0.4215347,0.39093092,0.42455754,0.47322568
104327-2-0-15.wav,children_playing,4.0,48000,0.060686875,0.09030729166666666,4498.134002958031,496.2715050565751,9474.484707446809,877.6615932301189,5092.5356298323295,222.1305033092265,-140.85468,22.720442,110.18181,11.260995,-18.572737,9.155222,18.82443,7.033431,-14.1316805,7.148917,3.2915776,5.6047373,-8.285511,5.7813697,-3.7173634,5.6117396,-0.80741966,5.627998,0.049833663,5.416385,-5.622372,5.207941,-0.41690332,4.879919,-3.5555778,5.1515603,10.168452644382096,7.957852727534535,10.396779361857664,12.92435065332378,14.472683114566907,13.766749518545973,19.51130079891079,0.5779234,0.56082517,0.58308345,0.5658169,0.5557154,0.5972031,0.62457687,0.65580046,0.6363873,0.59936935,0.56854993,0.5678679
104327-2-0-19.wav,children_playing,4.0,48000,0.04348709,0.075265625,4350.787438823882,422.85776969629933,9629.072473404256,1019.4097460125597,5434.6184883575725,316.2141278443868,-184.83208,17.916533,116.28137,7.6735673,-9.200992,10.884785,11.971937,5.5105247,-8.280057,6.0826755,-0.6453432,5.485448,-5.891851,6.0395293,-4.7971525,5.824954,-0.8947546,5.3826528,-0.9129409,5.6634717,-3.4901826,5.376532,-0.5756472,4.3530207,-2.6267047,4.664849,9.704366354302207,7.942338169863646,11.075313883920446,14.072620271054328,14.926834855523307,14.113590797411074,17.348874961486608,0.51116276,0.4605192,0.4366916,0.44652224,0.5054173,0.5093687,0.4868918,0.5177228,0.5320659,0.5227691,0.52848125,0.51126754
104327-2-0-26.wav,children_playing,4.0,48000,0.0528757,0.10594791666666667,4911.53127571339,366.39904356900354,10374.958444148937,1013.6273947999181,5374.783664429198,415.8260125912249,-164.74983,45.050606,102.46902,7.593881,-20.047703,12.442342,13.926381,7.7229624,-13.452317,7.8689895,-0.6876239,5.8864846,-9.762042,6.8215094,-5.072129,5.15533,-2.8829775,5.3820667,-2.1883945,5.0660605,-5.2044063,6.0670557,-1.4121258,5.2449274,-4.2426343,5.3526278,9.192232345478326,7.915840332411676,10.409364195875195,13.453172833004656,14.817014070677603,14.253298504833785,18.682286381477667,0.5807073,0.5293648,0.5078848,0.50716585,0.50644946,0.52750885,0.5767261,0.6027529,0.59982145,0.5786027,0.54035306,0.58727556
104327-2-0-28.wav,children_playing,4.0,48000,0.052264553,0.09491145833333334,4610.249371349859,354.5891054062748,9650.889295212766,785.7722101337762,5146.880136059718,248.64937674213488,-152.59566,20.205055,106.953354,8.109575,-23.46078,9.797955,11.843839,6.3625865,-17.056183,6.3658195,-2.3089218,6.09915,-12.33462,5.730758,-6.7491837,5.2479453,-4.2118635,5.1989374,-2.574311,5.8467956,-6.741626,5.805343,-3.7559984,5.159779,-5.545018,5.6423244,9.373496546590905,7.95561164508701,10.638223972498148,14.17940998920099,14.991865831364155,14.809194634140031,18.930058771764923,0.5082593,0.4760131,0.4587447,0.46859485,0.4767362,0.48365507,0.45946282,0.47977805,0.50589687,0.5440268,0.5882573,0.5482414
102853-8-0-0.wav,siren,4.0,44100,0.045292206,0.05176303854875283,2162.6873107456213,243.57957282268924,3229.231487771739,656.8622782989345,3196.078181492847,178.81366482897022,-262.90384,7.9926724,166.66423,9.262562,-28.382092,9.6815195,-11.16204,9.086566,-18.499382,6.5206304,-10.144157,6.3371773,-0.63697004,9.170133,11.78691,7.8339634,18.208708,5.289558,6.9008207,10.816692,-5.014502,12.068452,-8.582323,7.601105,-1.9070596,7.856196,16.200550801279782,8.191871270527733,12.479833382025015,18.82840483226005,15.885330463104868,17.174201176283034,17.135527883676435,0.33488995,0.2817583,0.27381364,0.27661368,0.32540065,0.3605134,0.23668164,0.27411467,0.34611365,0.3579497,0.33696213,0.3536588
102853-8-0-1.wav,siren,4.0,44100,0.04883312,0.05310090702947846,2222.7953700685975,195.47741128936713,3325.163468070652,591.9699171696767,3233.1109992176484,166.23594014987884,-260.16766,23.547907,164.36737,7.8109655,-31.75844,8.361654,-13.861603,11.634856,-19.96968,7.230696,-6.3476415,8.460613,2.2467694,9.387097,12.197632,7.2848573,15.093705,8.894715,4.5264297,10.854461,-6.644373,10.031187,-8.805619,6.8294673,-0.98839086,9.201824,13.30061347506256,8.266822010423121,11.075570981756812,17.92992524619465,15.190348888733503,16.361722744614337,17.35032464236903,0.35977224,0.30917013,0.2985202,0.3101244,0.3155357,0.3946197,0.29056954,0.15941358,0.3216192,0.36647046,0.36118805,0.3526777
102853-8-0-2.wav,siren,4.0,44100,0.04250872,0.05401927437641724,2343.8658155198573,277.8944765231746,3794.587296195652,1129.4054342314746,3437.8719527247194,302.9821886029125,-264.09906,25.050678,161.6008,9.040367,-25.797333,9.6253195,-11.364345,11.349487,-22.740341,7.0359135,-3.732603,8.037505,4.9624166,9.103837,11.108279,6.1881785,14.230899,9.002323,5.427471,10.097722,-5.7346582,8.6482725,-7.89033,5.6494503,-1.0321367,9.051932,11.712612693109147,8.087619471985988,10.677992732524224,17.112405594592307,14.182322814359372,15.323239866382652,17.868981718321958,0.41555184,0.36857945,0.325807,0.3317809,0.3395477,0.37057585,0.31866422,0.1499897,0.24861948,0.3710639,0.453572,0.4471202
102853-8-0-3.wav,siren,4.0,44100,0.029291444,0.05902494331065759,2661.983468529309,374.0486798650235,4945.771059782609,1416.5750882569146,3744.983688064861,290.24246305437197,-267.48566,14.3027115,150.54701,12.081591,-22.964144,7.2318106,-6.5027747,7.800652,-24.746815,7.37314,1.9413536,7.524237,8.356491,7.5819745,13.08914,5.14447,13.771848,6.861194,3.2015681,9.292487,-6.934512,7.0544467,-6.8860126,4.9605527,2.4021342,8.113782,10.397879848894036,8.065891238195906,10.54667341070361,16.612934650684416,13.521261156616422,14.316953910300414,18.450594122100757,0.38292184,0.3786409,0.37879357,0.42583543,0.45159513,0.4573788,0.3230732,0.13432562,0.24242894,0.3530411,0.41659462,0.3968582
102853-8-0-4.wav,siren,4.0,44100,0.027731229,0.07874716553287982,3387.4968933475,1081.9403968878376,7073.750849184783,2371.85611171674,4231.3249000939,671.7554698597994,-251.61572,21.636042,134.04932,17.68289,-17.297821,15.664073,-1.5747267,7.01821,-27.532246,8.166758,8.035278,5.9928455,4.5939903,9.305421,14.6017885,4.719641,13.498666,6.263343,2.5055833,8.238757,-2.1165183,9.892315,-8.916024,6.390059,4.1750426,6.5026197,9.373930895772812,8.030589448239406,10.38818622305414,15.669538864044386,13.398154016130581,14.084372943194275,20.27855259453476,0.4663783,0.41209716,0.35938087,0.38991937,0.41813788,0.43989134,0.4137357,0.21509397,0.22248195,0.3653173,0.4625627,0.4708212
102853-8-0-5.wav,siren,4.0,44100,0.027989607,0.07749433106575963,3337.603062569481,1112.7613491266118,6978.879925271739,2477.7539376949503,4157.90010776983,729.6316021253523,-242.15625,16.077822,138.07806,20.337566,-18.831404,16.622263,0.94512486,7.504709,-26.228716,8.278824,5.433811,7.255088,-0.46025124,6.992373,10.681818,6.350717,11.179569,6.8638988,3.3915567,6.5527344,1.7973597,7.9160028,-7.3618145,7.065231,1.944863,5.1105933,9.84644744540499,8.356547599833457,10.888991664150632,14.511460299332036,14.215597598933183,14.292025717003263,20.552072766661418,0.5526881,0.4109362,0.41379827,0.37566918,0.3516801,0.37901422,0.38541725,0.4314357,0.4926468,0.5716027,0.59522176,0.6347187
102853-8-0-6.wav,siren,4.0,44100,0.028578201,0.05865079365079365,2669.5324788795447,345.6430701420693,5270.454313858696,1102.8402022823066,3649.387123730417,267.7160003266454,-243.5813,9.754292,154.13863,10.614588,-27.468824,6.046732,6.625191,7.2328,-19.588984,6.9131503,3.1465786,5.7087183,3.9079576,6.7995152,6.878156,5.224423,5.821627,5.147898,2.0962615,4.7963915,2.7661476,5.4731817,-1.5742948,4.144939,3.769004,4.3762183,10.054372707485095,8.113866642949663,11.057843119623737,13.065331687743553,14.818814571024715,14.263784060050227,19.33025351536984,0.65623397,0.5587228,0.56342924,0.57090145,0.51668257,0.554449,0.6110186,0.62993485,0.615976,0.5798958,0.55655396,0.62415266
102853-8-1-0.wav,siren,4.0,44100,0.033718605,0.049852607709750564,2257.904573270875,178.0211112657579,4000.869140625,597.0937199780373,3364.5234195869975,168.23678029154163,-257.07385,8.06703,168.79672,6.8271527,-23.527302,5.276713,-2.7329128,6.3352857,-23.518097,5.0958834,-7.749441,5.7336407,8.132111,5.1445856,1.8503429,4.230109,4.873164,4.6327996,9.488191,4.3021493,5.0591726,5.8721185,-7.6317816,6.92782,-11.606609,5.526002,10.997336735779987,7.933343948578515,11.322375962431346,16.564611408739424,16.229739070826064,16.02502556249804,18.69856417788806,0.5764027,0.49775258,0.4456082,0.29694745,0.21445808,0.25134328,0.30851373,0.34624597,0.43060073,0.5043686,0.53836644,0.5900448
102871-8-0-0.wav,siren,4.0,44100,0.053135533,0.06124149659863946,1940.7685392890403,135.12388154074097,3071.134086277174,312.96828875231614,2151.754550793872,129.26423419192056,-249.70073,9.9645,195.32672,7.2810864,-74.45124,7.975519,1.7727385,8.055306,-9.686512,6.021422,-9.015959,5.6600804,3.3824756,7.2866583,-13.440676,5.4300075,-6.1779256,4.515511,-6.6089644,4.8033147,-16.185017,4.4811163,-10.497678,4.5626717,-0.8649262,4.4693966,13.64878944794727,8.306540264021962,16.53297470016194,16.9894803949425,19.774021937419487,18.506080576122343,22.391499826617533,0.19392075,0.68285507,0.74994445,0.37962645,0.26366162,0.133692,0.06765568,0.09796794,0.43298164,0.7240728,0.30890697,0.07381
102871-8-0-1.wav,siren,4.0,44100,0.05753905,0.06175170068027211,1951.649841582169,129.28411406689153,3067.4515964673915,275.43149620402863,2139.3462992790214,156.26869839687353,-245.67464,9.4412155,194.71448,7.8740087,-75.241745,6.0603704,2.0243673,6.846943,-12.035458,5.1542573,-7.5016007,5.909145,5.547521,5.1274467,-12.097419,6.040738,-4.1364384,4.562234,-5.28456,3.7927122,-17.332726,5.2777586,-11.850578,5.0301743,-1.183143,4.692535,14.031185039368912,7.990084284275754,15.640842524152127,17.93975888583642,19.692634825794705,18.487288516448057,22.640598373178484,0.2782801,0.73834497,0.5870036,0.37218943,0.27929685,0.1157063,0.06316455,0.1365456,0.42613918,0.60597426,0.23405713,0.08312741
102871-8-0-10.wav,siren,4.0,44100,0.027773729,0.05890022675736961,1924.603844815334,135.4425045925042,2729.411514945652,377.44722614431214,2568.860187619681,155.11322356304075,-305.2143,11.606704,190.55403,6.8980894,-47.205982,6.284961,-11.940353,6.379273,-9.068205,6.8460636,-1.4276092,7.222155,8.264022,5.8997245,-5.196777,4.9149413,-8.174965,4.381045,-2.7445428,4.354555,-4.5652947,5.251865,-5.4580684,3.9489841,1.3083447,3.9258113,15.520380770322703,7.94064091982134,12.629473330880135,17.39620286774276,21.27424123376972,18.057873349631222,18.453042182543207,0.22636272,0.46271768,0.51410425,0.558601,0.33268958,0.38771105,0.14961658,0.24368446,0.6652962,0.4719092,0.28066522,0.10130854
102871-8-0-11.wav,siren,4.0,44100,0.024121508,0.05759637188208617,1896.5628035705504,131.30451351577364,2595.718410326087,324.6179288378428,2667.0631931412977,169.44503267424236,-314.38837,7.7250814,191.76266,7.713738,-38.927162,7.080603,-14.854294,5.953844,-8.213502,5.934443,2.3738317,7.60833,7.623441,5.325271,-3.3471665,4.62741,-7.2278924,4.6783423,-2.6953454,4.484465,-2.1989572,4.62046,-5.1063786,4.289388,1.2866942,3.915465,16.644847845480605,8.065490646928822,12.047867916566123,16.66193097097204,21.52366022469857,17.394864261724738,17.42924780493378,0.29607165,0.5262354,0.59550744,0.54153204,0.33149683,0.30792156,0.16504312,0.39868474,0.7150168,0.36074612,0.22766927,0.12699328
102871-8-0-12.wav,siren,4.0,44100,0.02224762,0.05748866213151928,1888.834624619012,128.1054539240966,2517.262652853261,311.4220116407451,2738.1208079836197,173.69949751070823,-322.2246,9.906111,192.22296,7.5567794,-33.808147,4.700926,-17.557772,6.680261,-7.0539713,5.8217535,5.905307,5.866109,7.219139,4.4567847,-2.0674038,4.752281,-5.555915,4.499726,-1.842792,4.204581,-0.20561461,3.9673028,-3.8375103,4.1434355,1.7983623,4.4853997,14.833186465291679,8.012466124449862,11.048965940828046,16.47526524741468,21.518218191228904,16.797829167693237,16.809699631523458,0.27611312,0.5409824,0.5382232,0.59711057,0.2719286,0.22641717,0.18099125,0.38470414,0.7257628,0.3611418,0.2387391,0.13550897
102871-8-0-13.wav,siren,4.0,44100,0.019980254,0.05789115646258503,1924.9578009135262,116.39633944656383,2474.383491847826,221.1583450400547,2847.1308975385555,188.05053284222262,-332.83963,9.694412,189.44551,7.1349874,-30.21843,5.7238894,-20.05891,6.0403814,-6.563083,5.61279,9.465165,6.263772,7.0404377,4.815066,-2.6884446,5.0842423,-4.1074452,4.927958,-1.37833,4.3258996,0.78318757,4.3539248,-3.2310102,4.526553,1.749924,4.6565595,14.299538461956473,8.079625774810681,11.010083920306686,16.386232993910845,21.700906763918468,16.259255425803982,16.487203899229723,0.27570283,0.5327982,0.49013823,0.57190514,0.24395858,0.18763815,0.17000861,0.41344997,0.74745476,0.34946343,0.22403792,0.14155523
102871-8-0-14.wav,siren,4.0,44100,0.016304316,0.05680272108843538,2090.070952909219,293.59716784823945,2845.690811820652,1071.981879690819,3128.166775224046,285.2121249680974,-342.09238,12.323877,180.11052,11.878618,-24.886215,5.21499,-17.533981,6.7656794,-9.686822,6.3532443,12.141002,6.0688252,6.192874,5.37773,-2.8096213,5.092276,-2.104927,4.8043947,-1.0120755,4.300369,0.39299324,4.5903406,-3.4857917,4.392433,2.219942,4.570836,15.419728740436266,8.27445146203346,10.864089429549953,16.772732238951143,21.056101688128255,15.271844644696126,16.977426770196878,0.2897011,0.5982446,0.48884115,0.5646958,0.23576297,0.17884298,0.15751378,0.34366098,0.65773284,0.31699386,0.20488676,0.15130493
102871-8-0-15.wav,siren,4.0,44100,0.014333104,0.05537981859410431,2178.094510752356,264.17338998352506,3063.1449558423915,1054.6785270369794,3305.241889921444,220.3512191987393,-350.6964,11.888513,174.33899,9.140145,-21.406975,5.5947757,-13.795355,6.5117593,-12.635145,6.1232,10.844303,5.6798983,8.2809,5.905781,-3.0367944,4.5482497,-0.53308254,4.659548,-1.6012362,4.0482106,-1.9290718,4.033116,-3.3959002,4.569713,1.0280715,5.044666,14.212689898227172,8.027590180621193,10.761208123461348,17.35829333048039,20.38631836300497,14.636495577516976,17.344027775098574,0.2793653,0.65843487,0.4690413,0.54010993,0.23995012,0.1874242,0.14558451,0.2536281,0.5437136,0.28410697,0.18275888,0.14999297
102871-8-0-2.wav,siren,4.0,44100,0.056433693,0.06195011337868481,1978.2013598165925,112.70101197693873,3108.395889945652,268.2963371680704,2179.08431834674,136.43349076493809,-246.62584,9.413623,191.55217,7.6937428,-74.35552,5.1408515,2.4449117,6.4578834,-14.888361,5.7481875,-4.980571,5.210751,5.712431,5.2352476,-11.797574,5.8007436,-2.1273897,4.8170342,-5.820403,4.4254255,-15.231729,5.8837123,-12.137599,4.957382,-2.7307763,4.684438,14.71395089821822,8.132494756098696,14.91369959031447,19.159350735471335,19.684187944019964,18.591909330805265,22.530402159326744,0.21197726,0.5981744,0.5035281,0.4007106,0.36662027,0.1286874,0.049345702,0.15109006,0.42592984,0.59980357,0.25924355,0.081017815
102871-8-0-3.wav,siren,4.0,44100,0.060720466,0.06253401360544218,2012.404325168344,135.3063856821985,3156.081012228261,318.96930479147335,2188.6963087935924,200.57075624967072,-241.28786,12.633509,189.84904,8.482347,-76.21035,6.486866,4.6837425,7.4182525,-17.405138,6.108709,-3.8433604,5.117243,4.69748,6.101601,-13.301455,5.6506195,-0.06491363,5.4606557,-6.9726505,5.3971224,-12.398861,5.24743,-9.903916,4.9001307,-2.3123977,4.3524885,14.538142962735082,7.909458060916029,15.096891799148448,19.188051230476983,20.17189358573317,18.253486967870025,22.935827264045702,0.13889103,0.42484125,0.5416867,0.39746833,0.43674392,0.13921621,0.04409184,0.16852237,0.51527035,0.6741197,0.267835,0.06651043
102871-8-0-4.wav,siren,4.0,44100,0.061880466,0.06162698412698413,1990.6123081761189,119.25078669291382,3088.859969429348,305.02655837047797,2171.193648889289,150.0631912345255,-242.04495,11.953571,190.628,7.0933924,-75.301315,7.30599,4.940101,6.519476,-18.5979,5.5104847,-2.2051923,5.57009,4.8873954,6.2409625,-13.02692,5.481694,1.3088243,5.433093,-6.683521,5.1626472,-11.34093,5.361027,-8.949617,5.1946254,-0.49238822,4.1339335,14.794533932473309,7.898291216143846,15.257572817295706,19.4884903053125,20.24921016339332,17.399878754021678,23.25159477969252,0.121037096,0.4114107,0.5736261,0.3641825,0.38840517,0.12236671,0.04263207,0.16781524,0.58634144,0.65776587,0.21815015,0.05192004
102871-8-0-5.wav,siren,4.0,44100,0.048699528,0.0626077097505669,2005.1183543829518,118.42378069320814,3028.1925101902175,310.4534938665984,2277.352856646908,170.10437145015194,-257.2469,13.189632,188.42676,7.272545,-69.13796,6.972425,0.8504858,7.3052526,-17.231667,6.121542,1.0620127,5.2287745,6.5577455,6.0291667,-11.603075,5.1790833,1.3155437,5.2086697,-4.562624,5.311391,-9.2500725,5.2454495,-8.006886,5.356375,0.50839615,4.3571873,15.54318728579892,7.924749226969984,13.894217004204995,19.0678348706971,20.136497661770587,16.97286908973014,22.38402299480013,0.119011335,0.50008816,0.56966984,0.39448795,0.3309433,0.13569969,0.048149973,0.16149971,0.6847506,0.5847945,0.21436918,0.056268066
